{"count":1,"self":58.9405248,"total":157.3126807,"children":{"InitializeActuators":{"count":9,"self":0.0019996,"total":0.0019996,"children":null},"InitializeSensors":{"count":9,"self":0.001,"total":0.001,"children":null},"AgentSendState":{"count":57817,"self":0.2516346,"total":1.6288397,"children":{"CollectObservations":{"count":104076,"self":0.72567209999999993,"total":0.72567209999999993,"children":null},"WriteActionMask":{"count":104076,"self":0.061134799999999996,"total":0.061134799999999996,"children":null},"RequestDecision":{"count":104076,"self":0.20515899999999998,"total":0.5903982,"children":{"AgentInfo.ToProto":{"count":104076,"self":0.1429431,"total":0.3852392,"children":{"GenerateSensorData":{"count":104076,"self":0.2422961,"total":0.2422961,"children":null}}}}}}},"DecideAction":{"count":57817,"self":95.496736,"total":95.496738,"children":null},"AgentAct":{"count":57817,"self":1.2395922,"total":1.2425762999999999,"children":{"AgentInfo.ToProto":{"count":343,"self":1.0399999999999999E-05,"total":0.0029841,"children":{"GenerateSensorData":{"count":343,"self":0.0029736999999999997,"total":0.0029736999999999997,"children":null}}}}}},"gauges":{"PlatformerAgent2D.CumulativeReward":{"count":343,"max":323.536346,"min":2.11732435,"runningAverage":272.3113,"value":279.377136,"weightedAverage":275.2039}},"metadata":{"timer_format_version":"0.1.0","start_time_seconds":"1764559851","unity_version":"6000.2.14f1","command_line_arguments":"D:\\Unity\\Unity Hub\\6000.2.14f1\\Editor\\Unity.exe -projectpath D:\\Dev\\School\\COMPSCI3346\\CS3346A -acceptSoftwareTermsForThisRunOnly -useHub -hubIPC -cloudEnvironment production","communication_protocol_version":"1.5.0","com.unity.ml-agents_version":"4.0.0","scene_name":"Training","end_time_seconds":"1764560008"}}